-- Пълни данни за локален профил (H2). Поне 20 записа на таблица.
-- Всички пароли: password (bcrypt)

-- Потребители (2 admin + 20 employee + 20 client = 42)
INSERT INTO users (id, username, password, email, role, first_name, last_name) VALUES
(1, 'admin', '$2a$10$dXJ3SW6G7P50lGmMkkmwe.20cQQubK3.HZWzG3YB1tlRy.fqvM/BG', 'admin@logico.com', 'ADMINISTRATOR', 'Admin', 'User'),
(2, 'admin2', '$2a$10$dXJ3SW6G7P50lGmMkkmwe.20cQQubK3.HZWzG3YB1tlRy.fqvM/BG', 'admin2@logico.com', 'ADMINISTRATOR', 'Борис', 'Иванов'),
(3, 'emp.office', '$2a$10$dXJ3SW6G7P50lGmMkkmwe.20cQQubK3.HZWzG3YB1tlRy.fqvM/BG', 'office@logico.com', 'EMPLOYEE', 'Evelyn', 'Brown'),
(4, 'emp.courier', '$2a$10$dXJ3SW6G7P50lGmMkkmwe.20cQQubK3.HZWzG3YB1tlRy.fqvM/BG', 'courier@logico.com', 'EMPLOYEE', 'George', 'Miller'),
(5, 'emp.ivan', '$2a$10$dXJ3SW6G7P50lGmMkkmwe.20cQQubK3.HZWzG3YB1tlRy.fqvM/BG', 'ivan@logico.com', 'EMPLOYEE', 'Иван', 'Петров'),
(6, 'emp.maria', '$2a$10$dXJ3SW6G7P50lGmMkkmwe.20cQQubK3.HZWzG3YB1tlRy.fqvM/BG', 'maria.emp@logico.com', 'EMPLOYEE', 'Мария', 'Георгиева'),
(7, 'emp.dimitar', '$2a$10$dXJ3SW6G7P50lGmMkkmwe.20cQQubK3.HZWzG3YB1tlRy.fqvM/BG', 'dimitar@logico.com', 'EMPLOYEE', 'Димитър', 'Стоянов'),
(8, 'emp.anna', '$2a$10$dXJ3SW6G7P50lGmMkkmwe.20cQQubK3.HZWzG3YB1tlRy.fqvM/BG', 'anna@logico.com', 'EMPLOYEE', 'Анна', 'Колева'),
(9, 'emp.nikolay', '$2a$10$dXJ3SW6G7P50lGmMkkmwe.20cQQubK3.HZWzG3YB1tlRy.fqvM/BG', 'nikolay@logico.com', 'EMPLOYEE', 'Николай', 'Димитров'),
(10, 'emp.elena', '$2a$10$dXJ3SW6G7P50lGmMkkmwe.20cQQubK3.HZWzG3YB1tlRy.fqvM/BG', 'elena@logico.com', 'EMPLOYEE', 'Елена', 'Иванова'),
(11, 'emp.peter', '$2a$10$dXJ3SW6G7P50lGmMkkmwe.20cQQubK3.HZWzG3YB1tlRy.fqvM/BG', 'peter@logico.com', 'EMPLOYEE', 'Peter', 'Wilson'),
(12, 'emp.sophie', '$2a$10$dXJ3SW6G7P50lGmMkkmwe.20cQQubK3.HZWzG3YB1tlRy.fqvM/BG', 'sophie@logico.com', 'EMPLOYEE', 'Sophie', 'Martin'),
(13, 'emp.lucas', '$2a$10$dXJ3SW6G7P50lGmMkkmwe.20cQQubK3.HZWzG3YB1tlRy.fqvM/BG', 'lucas@logico.com', 'EMPLOYEE', 'Lucas', 'Bernard'),
(14, 'emp.yana', '$2a$10$dXJ3SW6G7P50lGmMkkmwe.20cQQubK3.HZWzG3YB1tlRy.fqvM/BG', 'yana@logico.com', 'EMPLOYEE', 'Яна', 'Павлова'),
(15, 'emp.stefan', '$2a$10$dXJ3SW6G7P50lGmMkkmwe.20cQQubK3.HZWzG3YB1tlRy.fqvM/BG', 'stefan@logico.com', 'EMPLOYEE', 'Стефан', 'Тодоров'),
(16, 'emp.radka', '$2a$10$dXJ3SW6G7P50lGmMkkmwe.20cQQubK3.HZWzG3YB1tlRy.fqvM/BG', 'radka@logico.com', 'EMPLOYEE', 'Радка', 'Михайлова'),
(17, 'emp.vladimir', '$2a$10$dXJ3SW6G7P50lGmMkkmwe.20cQQubK3.HZWzG3YB1tlRy.fqvM/BG', 'vladimir@logico.com', 'EMPLOYEE', 'Владимир', 'Ангелов'),
(18, 'emp.kristina', '$2a$10$dXJ3SW6G7P50lGmMkkmwe.20cQQubK3.HZWzG3YB1tlRy.fqvM/BG', 'kristina@logico.com', 'EMPLOYEE', 'Кристина', 'Николова'),
(19, 'emp.martin', '$2a$10$dXJ3SW6G7P50lGmMkkmwe.20cQQubK3.HZWzG3YB1tlRy.fqvM/BG', 'martin@logico.com', 'EMPLOYEE', 'Мартин', 'Стефанов'),
(20, 'emp.tanya', '$2a$10$dXJ3SW6G7P50lGmMkkmwe.20cQQubK3.HZWzG3YB1tlRy.fqvM/BG', 'tanya@logico.com', 'EMPLOYEE', 'Таня', 'Вълчева'),
(21, 'emp.hristo', '$2a$10$dXJ3SW6G7P50lGmMkkmwe.20cQQubK3.HZWzG3YB1tlRy.fqvM/BG', 'hristo@logico.com', 'EMPLOYEE', 'Христо', 'Попов'),
(22, 'emp.gabriela', '$2a$10$dXJ3SW6G7P50lGmMkkmwe.20cQQubK3.HZWzG3YB1tlRy.fqvM/BG', 'gabriela@logico.com', 'EMPLOYEE', 'Габриела', 'Ламбева'),
(23, 'client.alex', '$2a$10$dXJ3SW6G7P50lGmMkkmwe.20cQQubK3.HZWzG3YB1tlRy.fqvM/BG', 'alex@mail.com', 'CLIENT', 'Alex', 'Cole'),
(24, 'client.maria', '$2a$10$dXJ3SW6G7P50lGmMkkmwe.20cQQubK3.HZWzG3YB1tlRy.fqvM/BG', 'maria@mail.com', 'CLIENT', 'Maria', 'Smith'),
(25, 'client.georgi', '$2a$10$dXJ3SW6G7P50lGmMkkmwe.20cQQubK3.HZWzG3YB1tlRy.fqvM/BG', 'georgi@mail.com', 'CLIENT', 'Георги', 'Маринов'),
(26, 'client.diana', '$2a$10$dXJ3SW6G7P50lGmMkkmwe.20cQQubK3.HZWzG3YB1tlRy.fqvM/BG', 'diana@mail.com', 'CLIENT', 'Диана', 'Васова'),
(27, 'client.plamen', '$2a$10$dXJ3SW6G7P50lGmMkkmwe.20cQQubK3.HZWzG3YB1tlRy.fqvM/BG', 'plamen@mail.com', 'CLIENT', 'Пламен', 'Костов'),
(28, 'client.silvia', '$2a$10$dXJ3SW6G7P50lGmMkkmwe.20cQQubK3.HZWzG3YB1tlRy.fqvM/BG', 'silvia@mail.com', 'CLIENT', 'Силвия', 'Димитрова'),
(29, 'client.ivanov', '$2a$10$dXJ3SW6G7P50lGmMkkmwe.20cQQubK3.HZWzG3YB1tlRy.fqvM/BG', 'ivanov@mail.com', 'CLIENT', 'Иван', 'Иванов'),
(30, 'client.petrova', '$2a$10$dXJ3SW6G7P50lGmMkkmwe.20cQQubK3.HZWzG3YB1tlRy.fqvM/BG', 'petrova@mail.com', 'CLIENT', 'Елена', 'Петрова'),
(31, 'client.john', '$2a$10$dXJ3SW6G7P50lGmMkkmwe.20cQQubK3.HZWzG3YB1tlRy.fqvM/BG', 'john@mail.com', 'CLIENT', 'John', 'Davis'),
(32, 'client.sarah', '$2a$10$dXJ3SW6G7P50lGmMkkmwe.20cQQubK3.HZWzG3YB1tlRy.fqvM/BG', 'sarah@mail.com', 'CLIENT', 'Sarah', 'Johnson'),
(33, 'client.michael', '$2a$10$dXJ3SW6G7P50lGmMkkmwe.20cQQubK3.HZWzG3YB1tlRy.fqvM/BG', 'michael@mail.com', 'CLIENT', 'Michael', 'Brown'),
(34, 'client.emily', '$2a$10$dXJ3SW6G7P50lGmMkkmwe.20cQQubK3.HZWzG3YB1tlRy.fqvM/BG', 'emily@mail.com', 'CLIENT', 'Emily', 'Wilson'),
(35, 'client.david', '$2a$10$dXJ3SW6G7P50lGmMkkmwe.20cQQubK3.HZWzG3YB1tlRy.fqvM/BG', 'david@mail.com', 'CLIENT', 'David', 'Martinez'),
(36, 'client.lisa', '$2a$10$dXJ3SW6G7P50lGmMkkmwe.20cQQubK3.HZWzG3YB1tlRy.fqvM/BG', 'lisa@mail.com', 'CLIENT', 'Lisa', 'Anderson'),
(37, 'client.james', '$2a$10$dXJ3SW6G7P50lGmMkkmwe.20cQQubK3.HZWzG3YB1tlRy.fqvM/BG', 'james@mail.com', 'CLIENT', 'James', 'Taylor'),
(38, 'client.nina', '$2a$10$dXJ3SW6G7P50lGmMkkmwe.20cQQubK3.HZWzG3YB1tlRy.fqvM/BG', 'nina@mail.com', 'CLIENT', 'Нина', 'Спасова'),
(39, 'client.vasil', '$2a$10$dXJ3SW6G7P50lGmMkkmwe.20cQQubK3.HZWzG3YB1tlRy.fqvM/BG', 'vasil@mail.com', 'CLIENT', 'Васил', 'Йорданов'),
(40, 'client.mihaela', '$2a$10$dXJ3SW6G7P50lGmMkkmwe.20cQQubK3.HZWzG3YB1tlRy.fqvM/BG', 'mihaela@mail.com', 'CLIENT', 'Михаела', 'Русанова'),
(41, 'client.ralitsa', '$2a$10$dXJ3SW6G7P50lGmMkkmwe.20cQQubK3.HZWzG3YB1tlRy.fqvM/BG', 'ralitsa@mail.com', 'CLIENT', 'Ралица', 'Георгиева'),
(42, 'client.toni', '$2a$10$dXJ3SW6G7P50lGmMkkmwe.20cQQubK3.HZWzG3YB1tlRy.fqvM/BG', 'toni@mail.com', 'CLIENT', 'Тони', 'Славов');

-- Адреси (25 записа)
INSERT INTO addresses (id, country, city, zip_code, street, details) VALUES
(1, 'България', 'София', '1000', 'ул. Свобода 1', 'Ет. 2'),
(2, 'България', 'София', '1000', 'ул. Главна 10', 'Приземен етаж'),
(3, 'България', 'Пловдив', '4000', 'бул. Река 25', NULL),
(4, 'България', 'София', '1000', 'ул. Дъбова 7', 'Апартамент 12'),
(5, 'България', 'Пловдив', '4000', 'ул. Кленова 15', 'Ет. 3'),
(6, 'България', 'Пловдив', '4000', 'ул. Пазарна 3', 'На ъгъла'),
(7, 'България', 'София', '1000', 'ул. Московска 2', NULL),
(8, 'България', 'Варна', '9000', 'бул. Княз Борис I 50', NULL),
(9, 'България', 'Бургас', '8000', 'ул. Александровска 18', 'Офис 5'),
(10, 'България', 'Русе', '7000', 'пл. Свобода 4', NULL),
(11, 'България', 'Стара Загора', '6000', 'ул. Руски 22', NULL),
(12, 'България', 'Плевен', '5800', 'ул. Княз Александър 7', NULL),
(13, 'България', 'Сливен', '8800', 'бул. България 33', NULL),
(14, 'България', 'Добрич', '9300', 'ул. 25-ти Септември 11', NULL),
(15, 'България', 'Шумен', '9700', 'ул. Цар Освободител 9', NULL),
(16, 'България', 'Перник', '2300', 'ул. Цар Самуил 2', NULL),
(17, 'България', 'Хасково', '6300', 'бул. България 45', NULL),
(18, 'България', 'Ямбол', '8600', 'ул. Иван Вазов 6', NULL),
(19, 'България', 'Казанлък', '6100', 'ул. Розова 1', NULL),
(20, 'България', 'Велико Търново', '5000', 'ул. Стефан Стамболов 15', NULL),
(21, 'България', 'Габрово', '5300', 'ул. Иванку 8', NULL),
(22, 'България', 'Асеновград', '4230', 'ул. Родопи 20', NULL),
(23, 'България', 'Кърджали', '6600', 'ул. Република 3', NULL),
(24, 'България', 'Разград', '7200', 'ул. Любен Каравелов 12', NULL),
(25, 'България', 'Търговище', '7700', 'ул. Никола Петков 5', NULL);

-- Офиси (20 записа)
INSERT INTO offices (id, name, address_id, phone, email, working_hours, active) VALUES
(1, 'София Център', 2, '+359 2 123 456', 'sofia.center@logico.com', 'Пн-Пт 9:00-18:00', true),
(2, 'Пловдив Изток', 3, '+359 32 222 333', 'plovdiv.east@logico.com', 'Пн-Пт 9:00-18:00', true),
(3, 'Варна Морска', 8, '+359 52 444 555', 'varna@logico.com', 'Пн-Пт 8:00-17:00', true),
(4, 'Бургас Юг', 9, '+359 56 666 777', 'burgas@logico.com', 'Пн-Пт 9:00-18:00', true),
(5, 'Русе Север', 10, '+359 82 888 999', 'ruse@logico.com', 'Пн-Пт 9:00-17:30', true),
(6, 'Стара Загора', 11, '+359 42 111 222', 'stz@logico.com', 'Пн-Пт 9:00-18:00', true),
(7, 'Плевен', 12, '+359 64 333 444', 'pleven@logico.com', 'Пн-Пт 8:30-17:30', true),
(8, 'Сливен', 13, '+359 44 555 666', 'sliven@logico.com', 'Пн-Пт 9:00-18:00', true),
(9, 'Добрич', 14, '+359 58 777 888', 'dobrich@logico.com', 'Пн-Пт 9:00-17:00', true),
(10, 'Шумен', 15, '+359 54 999 000', 'shumen@logico.com', 'Пн-Пт 9:00-18:00', true),
(11, 'Перник', 16, '+359 76 121 212', 'pernik@logico.com', 'Пн-Пт 8:00-16:00', true),
(12, 'Хасково', 17, '+359 38 323 434', 'haskovo@logico.com', 'Пн-Пт 9:00-18:00', true),
(13, 'Ямбол', 18, '+359 46 545 656', 'yambol@logico.com', 'Пн-Пт 9:00-17:30', true),
(14, 'Казанлък', 19, '+359 431 767 878', 'kazanlak@logico.com', 'Пн-Пт 9:00-18:00', true),
(15, 'Велико Търново', 20, '+359 62 989 090', 'vt@logico.com', 'Пн-Пт 9:00-18:00', true),
(16, 'Габрово', 21, '+359 66 101 111', 'gabrovo@logico.com', 'Пн-Пт 8:30-17:30', true),
(17, 'Асеновград', 22, '+359 332 212 323', 'asenovgrad@logico.com', 'Пн-Пт 9:00-17:00', true),
(18, 'Кърджали', 23, '+359 361 434 545', 'kardzhali@logico.com', 'Пн-Пт 9:00-18:00', true),
(19, 'Разград', 24, '+359 84 656 767', 'razgrad@logico.com', 'Пн-Пт 9:00-17:00', true),
(20, 'Търговище', 25, '+359 601 878 989', 'targovishte@logico.com', 'Пн-Пт 9:00-18:00', true);

-- Служители (20 записа: user id 3-22, office_id 1-20)
INSERT INTO employees (id, office_id, type, phone, active) VALUES
(3, 1, 'OFFICE_EMPLOYEE', '+359 888 111 222', true),
(4, 2, 'COURIER', '+359 888 333 444', true),
(5, 3, 'OFFICE_EMPLOYEE', '+359 888 555 666', true),
(6, 4, 'COURIER', '+359 888 777 888', true),
(7, 5, 'OFFICE_EMPLOYEE', '+359 888 999 000', true),
(8, 6, 'COURIER', '+359 889 111 222', true),
(9, 7, 'OFFICE_EMPLOYEE', '+359 889 333 444', true),
(10, 8, 'COURIER', '+359 889 555 666', true),
(11, 9, 'OFFICE_EMPLOYEE', '+359 889 777 888', true),
(12, 10, 'COURIER', '+359 889 999 000', true),
(13, 11, 'OFFICE_EMPLOYEE', '+359 890 111 222', true),
(14, 12, 'COURIER', '+359 890 333 444', true),
(15, 13, 'OFFICE_EMPLOYEE', '+359 890 555 666', true),
(16, 14, 'COURIER', '+359 890 777 888', true),
(17, 15, 'OFFICE_EMPLOYEE', '+359 890 999 000', true),
(18, 16, 'COURIER', '+359 891 111 222', true),
(19, 17, 'OFFICE_EMPLOYEE', '+359 891 333 444', true),
(20, 18, 'COURIER', '+359 891 555 666', true),
(21, 19, 'OFFICE_EMPLOYEE', '+359 891 777 888', true),
(22, 20, 'COURIER', '+359 891 999 000', true);

-- Клиенти (20 записа: user id 23-42, default_address_id)
INSERT INTO clients (id, phone, default_address_id) VALUES
(23, '+359 888 555 666', 4),
(24, '+359 888 777 888', 5),
(25, '+359 892 111 222', 4),
(26, '+359 892 333 444', 5),
(27, '+359 892 555 666', 6),
(28, '+359 892 777 888', 7),
(29, '+359 892 999 000', 4),
(30, '+359 893 111 222', 5),
(31, '+359 893 333 444', 6),
(32, '+359 893 555 666', 7),
(33, '+359 893 777 888', 4),
(34, '+359 893 999 000', 5),
(35, '+359 894 111 222', 6),
(36, '+359 894 333 444', 7),
(37, '+359 894 555 666', 4),
(38, '+359 894 777 888', 5),
(39, '+359 894 999 000', 6),
(40, '+359 895 111 222', 7),
(41, '+359 895 333 444', 4),
(42, '+359 895 555 666', 5);

-- Получатели (recipient_contacts)
INSERT INTO recipient_contacts (id, name, phone, client_id) VALUES
(1, 'John Peterson', '+359 888 000 111', NULL),
(2, 'Peter Johnson', '+359 888 000 222', NULL),
(3, 'Mary George', '+359 888 000 333', NULL),
(4, 'Alex Cole', '+359 888 000 444', 23),
(5, 'Иван Георгиев', '+359 877 111 222', NULL),
(6, 'Диана Петрова', '+359 877 333 444', NULL),
(7, 'Пламен Стоянов', '+359 877 555 666', 25),
(8, 'Силвия Иванова', '+359 877 777 888', NULL),
(9, 'Иван Иванов', '+359 877 999 000', 26),
(10, 'Елена Петрова', '+359 878 111 222', NULL),
(11, 'John Davis', '+359 878 333 444', NULL),
(12, 'Sarah Johnson', '+359 878 555 666', 28),
(13, 'Michael Brown', '+359 878 777 888', NULL),
(14, 'Emily Wilson', '+359 878 999 000', NULL),
(15, 'David Martinez', '+359 879 111 222', 30),
(16, 'Lisa Anderson', '+359 879 333 444', NULL),
(17, 'James Taylor', '+359 879 555 666', NULL),
(18, 'Нина Спасова', '+359 879 777 888', 33),
(19, 'Васил Йорданов', '+359 879 999 000', NULL),
(20, 'Михаела Русанова', '+359 880 111 222', NULL),
(21, 'Ралица Георгиева', '+359 880 333 444', 35),
(22, 'Тони Славов', '+359 880 555 666', NULL),
(23, 'Получател Двадесет и три', '+359 880 777 888', 36),
(24, 'Получател Двадесет и пет', '+359 880 999 000', NULL),
(25, 'Получател Тридесет', '+359 881 111 222', 38);

-- Адреси за доставка (client_addresses)
INSERT INTO client_addresses (id, client_id, address_id, label) VALUES
(1, NULL, 6, NULL),
(2, NULL, 7, NULL),
(3, NULL, 8, NULL),
(4, NULL, 9, NULL),
(5, NULL, 10, NULL),
(6, NULL, 11, NULL),
(7, NULL, 12, NULL),
(8, NULL, 13, NULL),
(9, NULL, 14, NULL),
(10, NULL, 15, NULL);

-- Пратки (25 записа)
INSERT INTO parcels (id, sender_id, recipient_contact_id, description, delivery_type, from_office_id, to_office_id, delivery_client_address_id, courier_id, registered_by_employee_id, weight_kg, price, payment_type, status, tracking_code, created_at, updated_at, delivered_at, paid_at) VALUES
(1, 23, 1, 'Документи', 'TO_OFFICE', 1, 2, NULL, 4, 3, 1.20, 9.80, 'SENDER_PAYS', 'REGISTERED', 'TRK-REG001', CURRENT_TIMESTAMP, CURRENT_TIMESTAMP, NULL, CURRENT_TIMESTAMP),
(2, 24, 2, 'Книги', 'TO_OFFICE', 2, 1, NULL, 4, 3, 2.50, 15.00, 'SENDER_PAYS', 'AT_OFFICE', 'TRK-ATF002', CURRENT_TIMESTAMP, CURRENT_TIMESTAMP, NULL, CURRENT_TIMESTAMP),
(3, 23, 3, 'Малък пакет', 'TO_ADDRESS', 1, NULL, 1, 6, 3, 0.90, 8.60, 'RECIPIENT_PAYS', 'IN_TRANSIT', 'TRK-TRN003', CURRENT_TIMESTAMP, CURRENT_TIMESTAMP, NULL, NULL),
(4, 24, 4, 'Електроника', 'TO_ADDRESS', 2, NULL, 2, 6, 3, 3.10, 17.40, 'SENDER_PAYS', 'DELIVERED', 'TRK-DLV004', DATEADD('DAY', -2, CURRENT_TIMESTAMP), DATEADD('DAY', -1, CURRENT_TIMESTAMP), DATEADD('DAY', -1, CURRENT_TIMESTAMP), DATEADD('DAY', -2, CURRENT_TIMESTAMP)),
(5, 25, 5, 'Одежда', 'TO_OFFICE', 3, 4, NULL, 6, 5, 1.50, 11.00, 'SENDER_PAYS', 'REGISTERED', 'TRK-REG005', CURRENT_TIMESTAMP, CURRENT_TIMESTAMP, NULL, CURRENT_TIMESTAMP),
(6, 26, 6, 'Козметика', 'TO_OFFICE', 4, 3, NULL, 8, 5, 2.00, 13.00, 'RECIPIENT_PAYS', 'AT_OFFICE', 'TRK-ATF006', CURRENT_TIMESTAMP, CURRENT_TIMESTAMP, NULL, NULL),
(7, 27, 7, 'Писма', 'TO_ADDRESS', 5, NULL, 3, 8, 7, 0.50, 7.00, 'SENDER_PAYS', 'IN_TRANSIT', 'TRK-TRN007', CURRENT_TIMESTAMP, CURRENT_TIMESTAMP, NULL, CURRENT_TIMESTAMP),
(8, 28, 8, 'Спортни стоки', 'TO_OFFICE', 6, 7, NULL, 10, 7, 4.00, 21.00, 'SENDER_PAYS', 'REGISTERED', 'TRK-REG008', CURRENT_TIMESTAMP, CURRENT_TIMESTAMP, NULL, CURRENT_TIMESTAMP),
(9, 29, 9, 'Детски стоки', 'TO_ADDRESS', 7, NULL, 4, 10, 9, 1.80, 12.20, 'RECIPIENT_PAYS', 'DELIVERED', 'TRK-DLV009', DATEADD('DAY', -3, CURRENT_TIMESTAMP), DATEADD('DAY', -1, CURRENT_TIMESTAMP), DATEADD('DAY', -1, CURRENT_TIMESTAMP), DATEADD('DAY', -1, CURRENT_TIMESTAMP)),
(10, 30, 10, 'Канцелария', 'TO_OFFICE', 8, 9, NULL, 12, 9, 2.20, 13.80, 'SENDER_PAYS', 'AT_OFFICE', 'TRK-ATF010', CURRENT_TIMESTAMP, CURRENT_TIMESTAMP, NULL, CURRENT_TIMESTAMP),
(11, 31, 11, 'Hardware', 'TO_OFFICE', 9, 10, NULL, 12, 11, 3.50, 19.00, 'SENDER_PAYS', 'REGISTERED', 'TRK-REG011', CURRENT_TIMESTAMP, CURRENT_TIMESTAMP, NULL, CURRENT_TIMESTAMP),
(12, 32, 12, 'Gifts', 'TO_ADDRESS', 10, NULL, 5, 14, 11, 1.00, 9.00, 'RECIPIENT_PAYS', 'IN_TRANSIT', 'TRK-TRN012', CURRENT_TIMESTAMP, CURRENT_TIMESTAMP, NULL, NULL),
(13, 33, 13, 'Furniture parts', 'TO_OFFICE', 11, 12, NULL, 14, 13, 5.00, 25.00, 'SENDER_PAYS', 'REGISTERED', 'TRK-REG013', CURRENT_TIMESTAMP, CURRENT_TIMESTAMP, NULL, CURRENT_TIMESTAMP),
(14, 34, 14, 'Jewelry', 'TO_OFFICE', 12, 11, NULL, 16, 13, 0.80, 8.20, 'SENDER_PAYS', 'AT_OFFICE', 'TRK-ATF014', CURRENT_TIMESTAMP, CURRENT_TIMESTAMP, NULL, CURRENT_TIMESTAMP),
(15, 35, 15, 'Electronics', 'TO_ADDRESS', 13, NULL, 6, 16, 15, 2.80, 16.20, 'SENDER_PAYS', 'DELIVERED', 'TRK-DLV015', DATEADD('DAY', -5, CURRENT_TIMESTAMP), DATEADD('DAY', -2, CURRENT_TIMESTAMP), DATEADD('DAY', -2, CURRENT_TIMESTAMP), DATEADD('DAY', -5, CURRENT_TIMESTAMP)),
(16, 36, 16, 'Books', 'TO_OFFICE', 14, 15, NULL, 18, 15, 1.20, 9.80, 'RECIPIENT_PAYS', 'REGISTERED', 'TRK-REG016', CURRENT_TIMESTAMP, CURRENT_TIMESTAMP, NULL, NULL),
(17, 37, 17, 'Heavy equipment', 'TO_ADDRESS', 15, NULL, 7, 18, 17, 6.00, 29.00, 'SENDER_PAYS', 'IN_TRANSIT', 'TRK-TRN017', CURRENT_TIMESTAMP, CURRENT_TIMESTAMP, NULL, CURRENT_TIMESTAMP),
(18, 38, 18, 'Медикаменти', 'TO_OFFICE', 16, 17, NULL, 20, 17, 1.50, 11.00, 'SENDER_PAYS', 'AT_OFFICE', 'TRK-ATF018', CURRENT_TIMESTAMP, CURRENT_TIMESTAMP, NULL, CURRENT_TIMESTAMP),
(19, 39, 19, 'Строителни материали', 'TO_OFFICE', 17, 18, NULL, 20, 19, 2.30, 14.20, 'RECIPIENT_PAYS', 'REGISTERED', 'TRK-REG019', CURRENT_TIMESTAMP, CURRENT_TIMESTAMP, NULL, NULL),
(20, 40, 20, 'Цветя', 'TO_ADDRESS', 18, NULL, 8, 22, 19, 0.70, 7.80, 'SENDER_PAYS', 'DELIVERED', 'TRK-DLV020', DATEADD('DAY', -1, CURRENT_TIMESTAMP), CURRENT_TIMESTAMP, CURRENT_TIMESTAMP, DATEADD('DAY', -1, CURRENT_TIMESTAMP)),
(21, 41, 21, 'Обувки', 'TO_OFFICE', 19, 20, NULL, 22, 21, 3.20, 17.80, 'SENDER_PAYS', 'REGISTERED', 'TRK-REG021', CURRENT_TIMESTAMP, CURRENT_TIMESTAMP, NULL, CURRENT_TIMESTAMP),
(22, 42, 22, 'Инструменти', 'TO_OFFICE', 20, 19, NULL, 4, 21, 4.50, 23.00, 'RECIPIENT_PAYS', 'AT_OFFICE', 'TRK-ATF022', CURRENT_TIMESTAMP, CURRENT_TIMESTAMP, NULL, NULL),
(23, 23, 23, 'Самолетни билети', 'TO_ADDRESS', 1, NULL, 9, 6, 3, 1.10, 9.40, 'SENDER_PAYS', 'IN_TRANSIT', 'TRK-TRN023', CURRENT_TIMESTAMP, CURRENT_TIMESTAMP, NULL, CURRENT_TIMESTAMP),
(24, 25, 24, 'Резервни части', 'TO_OFFICE', 2, 3, NULL, 8, 3, 2.60, 15.40, 'SENDER_PAYS', 'REGISTERED', 'TRK-REG024', CURRENT_TIMESTAMP, CURRENT_TIMESTAMP, NULL, CURRENT_TIMESTAMP),
(25, 30, 25, 'Голяма пратка', 'TO_ADDRESS', 5, NULL, 10, 10, 7, 7.00, 33.00, 'RECIPIENT_PAYS', 'DELIVERED', 'TRK-DLV025', DATEADD('DAY', -7, CURRENT_TIMESTAMP), DATEADD('DAY', -4, CURRENT_TIMESTAMP), DATEADD('DAY', -4, CURRENT_TIMESTAMP), DATEADD('DAY', -4, CURRENT_TIMESTAMP));

-- H2: синхронизиране на IDENTITY
ALTER TABLE users ALTER COLUMN id RESTART WITH 43;
ALTER TABLE addresses ALTER COLUMN id RESTART WITH 26;
ALTER TABLE offices ALTER COLUMN id RESTART WITH 21;
ALTER TABLE recipient_contacts ALTER COLUMN id RESTART WITH 26;
ALTER TABLE client_addresses ALTER COLUMN id RESTART WITH 11;
ALTER TABLE parcels ALTER COLUMN id RESTART WITH 26;
